function_ID,run_ID,dim,best_fitness,time_period,communication_percentage,total_FEs,node_num,total_pop_size,interval,migration_size,buffer_capacity,migration_topology,buffer_manage,EA_parameters
23,1,10,374.717,1.67232,0,10000000,64,8192,50,2,80,lattice,online,CR/MR/Pool=0.8/0.2/2_tournament
23,2,10,377.072,1.63273,0,10000000,64,8192,50,2,80,lattice,online,CR/MR/Pool=0.8/0.2/2_tournament
23,3,10,391.688,1.62497,0,10000000,64,8192,50,2,80,lattice,online,CR/MR/Pool=0.8/0.2/2_tournament
23,1,10,374.396,6.67501,0,10000000,16,8192,50,2,80,lattice,online,CR/MR/Pool=0.8/0.2/2_tournament
23,4,10,392.619,1.62673,0,10000000,64,8192,50,2,80,lattice,online,CR/MR/Pool=0.8/0.2/2_tournament
23,5,10,366.428,1.62596,0,10000000,64,8192,50,2,80,lattice,online,CR/MR/Pool=0.8/0.2/2_tournament
23,6,10,379.48,1.62506,0,10000000,64,8192,50,2,80,lattice,online,CR/MR/Pool=0.8/0.2/2_tournament
23,2,10,391.296,6.68379,0,10000000,16,8192,50,2,80,lattice,online,CR/MR/Pool=0.8/0.2/2_tournament
23,7,10,382.654,1.62383,0,10000000,64,8192,50,2,80,lattice,online,CR/MR/Pool=0.8/0.2/2_tournament
23,8,10,388.871,1.62391,0,10000000,64,8192,50,2,80,lattice,online,CR/MR/Pool=0.8/0.2/2_tournament
23,9,10,377.133,1.6274,0,10000000,64,8192,50,2,80,lattice,online,CR/MR/Pool=0.8/0.2/2_tournament
23,10,10,382.928,1.62382,0,10000000,64,8192,50,2,80,lattice,online,CR/MR/Pool=0.8/0.2/2_tournament
23,3,10,378.133,6.68398,0,10000000,16,8192,50,2,80,lattice,online,CR/MR/Pool=0.8/0.2/2_tournament
23,11,10,395.885,1.62402,0,10000000,64,8192,50,2,80,lattice,online,CR/MR/Pool=0.8/0.2/2_tournament
23,12,10,343.269,1.62379,0,10000000,64,8192,50,2,80,lattice,online,CR/MR/Pool=0.8/0.2/2_tournament
23,13,10,391.243,1.63137,0,10000000,64,8192,50,2,80,lattice,online,CR/MR/Pool=0.8/0.2/2_tournament
23,14,10,390.807,1.62743,0,10000000,64,8192,50,2,80,lattice,online,CR/MR/Pool=0.8/0.2/2_tournament
23,4,10,368.965,6.68903,0,10000000,16,8192,50,2,80,lattice,online,CR/MR/Pool=0.8/0.2/2_tournament
23,15,10,362.68,1.62276,0,10000000,64,8192,50,2,80,lattice,online,CR/MR/Pool=0.8/0.2/2_tournament
23,5,10,401.293,6.68493,0,10000000,16,8192,50,2,80,lattice,online,CR/MR/Pool=0.8/0.2/2_tournament
23,6,10,389.844,6.68222,0,10000000,16,8192,50,2,80,lattice,online,CR/MR/Pool=0.8/0.2/2_tournament
23,7,10,391.496,6.68681,0,10000000,16,8192,50,2,80,lattice,online,CR/MR/Pool=0.8/0.2/2_tournament
23,8,10,372.584,6.68628,0,10000000,16,8192,50,2,80,lattice,online,CR/MR/Pool=0.8/0.2/2_tournament
23,9,10,360.502,6.68547,0,10000000,16,8192,50,2,80,lattice,online,CR/MR/Pool=0.8/0.2/2_tournament
23,10,10,383.847,6.68407,0,10000000,16,8192,50,2,80,lattice,online,CR/MR/Pool=0.8/0.2/2_tournament
23,11,10,400.969,6.68498,0,10000000,16,8192,50,2,80,lattice,online,CR/MR/Pool=0.8/0.2/2_tournament
23,12,10,387.697,6.68711,0,10000000,16,8192,50,2,80,lattice,online,CR/MR/Pool=0.8/0.2/2_tournament
23,13,10,391.692,6.68447,0,10000000,16,8192,50,2,80,lattice,online,CR/MR/Pool=0.8/0.2/2_tournament
23,14,10,378.39,6.68414,0,10000000,16,8192,50,2,80,lattice,online,CR/MR/Pool=0.8/0.2/2_tournament
23,15,10,369.719,6.68943,0,10000000,16,8192,50,2,80,lattice,online,CR/MR/Pool=0.8/0.2/2_tournament
23,1,10,371.001,0.464912,0,10000000,256,8192,50,2,80,lattice,online,CR/MR/Pool=0.8/0.2/2_tournament
23,2,10,386.063,0.412875,0,10000000,256,8192,50,2,80,lattice,online,CR/MR/Pool=0.8/0.2/2_tournament
23,3,10,399.729,0.411807,0,10000000,256,8192,50,2,80,lattice,online,CR/MR/Pool=0.8/0.2/2_tournament
23,4,10,385.482,0.41237,0,10000000,256,8192,50,2,80,lattice,online,CR/MR/Pool=0.8/0.2/2_tournament
23,5,10,360.326,0.412775,0,10000000,256,8192,50,2,80,lattice,online,CR/MR/Pool=0.8/0.2/2_tournament
23,6,10,380.554,0.413348,0,10000000,256,8192,50,2,80,lattice,online,CR/MR/Pool=0.8/0.2/2_tournament
23,7,10,380.726,0.412889,0,10000000,256,8192,50,2,80,lattice,online,CR/MR/Pool=0.8/0.2/2_tournament
23,8,10,375.329,0.414031,0,10000000,256,8192,50,2,80,lattice,online,CR/MR/Pool=0.8/0.2/2_tournament
23,9,10,388.111,0.414123,0,10000000,256,8192,50,2,80,lattice,online,CR/MR/Pool=0.8/0.2/2_tournament
23,10,10,400.952,0.413539,0,10000000,256,8192,50,2,80,lattice,online,CR/MR/Pool=0.8/0.2/2_tournament
23,11,10,371.755,0.413364,0,10000000,256,8192,50,2,80,lattice,online,CR/MR/Pool=0.8/0.2/2_tournament
23,12,10,394.697,0.413225,0,10000000,256,8192,50,2,80,lattice,online,CR/MR/Pool=0.8/0.2/2_tournament
23,13,10,398.136,0.41362,0,10000000,256,8192,50,2,80,lattice,online,CR/MR/Pool=0.8/0.2/2_tournament
23,14,10,374.07,0.414921,0,10000000,256,8192,50,2,80,lattice,online,CR/MR/Pool=0.8/0.2/2_tournament
23,15,10,382.83,0.414308,0,10000000,256,8192,50,2,80,lattice,online,CR/MR/Pool=0.8/0.2/2_tournament
23,1,10,413.078,3.53073,0,10000000,32,8192,50,2,80,lattice,online,CR/MR/Pool=0.8/0.2/2_tournament
23,2,10,362.919,3.39437,0,10000000,32,8192,50,2,80,lattice,online,CR/MR/Pool=0.8/0.2/2_tournament
23,3,10,373.761,3.39807,0,10000000,32,8192,50,2,80,lattice,online,CR/MR/Pool=0.8/0.2/2_tournament
23,4,10,374.338,3.38977,0,10000000,32,8192,50,2,80,lattice,online,CR/MR/Pool=0.8/0.2/2_tournament
23,5,10,362.667,3.39245,0,10000000,32,8192,50,2,80,lattice,online,CR/MR/Pool=0.8/0.2/2_tournament
23,6,10,393.961,3.40376,0,10000000,32,8192,50,2,80,lattice,online,CR/MR/Pool=0.8/0.2/2_tournament
23,7,10,365.625,3.38052,0,10000000,32,8192,50,2,80,lattice,online,CR/MR/Pool=0.8/0.2/2_tournament
23,8,10,385.367,3.37998,0,10000000,32,8192,50,2,80,lattice,online,CR/MR/Pool=0.8/0.2/2_tournament
23,9,10,369.214,3.39325,0,10000000,32,8192,50,2,80,lattice,online,CR/MR/Pool=0.8/0.2/2_tournament
23,10,10,379.132,3.40073,0,10000000,32,8192,50,2,80,lattice,online,CR/MR/Pool=0.8/0.2/2_tournament
23,11,10,375.089,3.38111,0,10000000,32,8192,50,2,80,lattice,online,CR/MR/Pool=0.8/0.2/2_tournament
23,12,10,350.436,3.39714,0,10000000,32,8192,50,2,80,lattice,online,CR/MR/Pool=0.8/0.2/2_tournament
23,13,10,426.688,3.38141,0,10000000,32,8192,50,2,80,lattice,online,CR/MR/Pool=0.8/0.2/2_tournament
23,14,10,388.043,3.39082,0,10000000,32,8192,50,2,80,lattice,online,CR/MR/Pool=0.8/0.2/2_tournament
23,15,10,376.888,3.39093,0,10000000,32,8192,50,2,80,lattice,online,CR/MR/Pool=0.8/0.2/2_tournament
26,1,10,102.399,5.70469,0,10000000,64,8192,50,2,80,lattice,online,CR/MR/Pool=0.8/0.2/2_tournament
26,1,10,102.543,3.36314,0,10000000,256,8192,50,2,80,lattice,online,CR/MR/Pool=0.8/0.2/2_tournament
26,2,10,102.273,5.3019,0,10000000,64,8192,50,2,80,lattice,online,CR/MR/Pool=0.8/0.2/2_tournament
26,2,10,102.927,1.95491,0,10000000,256,8192,50,2,80,lattice,online,CR/MR/Pool=0.8/0.2/2_tournament
23,1,10,387.14,14.4321,0,10000000,8,8192,50,2,80,lattice,online,CR/MR/Pool=0.8/0.2/2_tournament
26,3,10,102.829,5.30593,0,10000000,64,8192,50,2,80,lattice,online,CR/MR/Pool=0.8/0.2/2_tournament
26,3,10,102.698,2.0767,0,10000000,256,8192,50,2,80,lattice,online,CR/MR/Pool=0.8/0.2/2_tournament
26,1,10,101.961,21.5251,0,10000000,16,8192,50,2,80,lattice,online,CR/MR/Pool=0.8/0.2/2_tournament
26,4,10,103.122,5.30571,0,10000000,64,8192,50,2,80,lattice,online,CR/MR/Pool=0.8/0.2/2_tournament
26,4,10,102.569,2.07022,0,10000000,256,8192,50,2,80,lattice,online,CR/MR/Pool=0.8/0.2/2_tournament
26,5,10,102.318,5.31117,0,10000000,64,8192,50,2,80,lattice,online,CR/MR/Pool=0.8/0.2/2_tournament
26,5,10,102.474,2.08147,0,10000000,256,8192,50,2,80,lattice,online,CR/MR/Pool=0.8/0.2/2_tournament
23,2,10,411.992,14.5918,0,10000000,8,8192,50,2,80,lattice,online,CR/MR/Pool=0.8/0.2/2_tournament
26,6,10,103.199,5.30674,0,10000000,64,8192,50,2,80,lattice,online,CR/MR/Pool=0.8/0.2/2_tournament
26,6,10,102.074,2.34158,0,10000000,256,8192,50,2,80,lattice,online,CR/MR/Pool=0.8/0.2/2_tournament
26,7,10,101.368,2.27427,0,10000000,256,8192,50,2,80,lattice,online,CR/MR/Pool=0.8/0.2/2_tournament
26,7,10,102.913,5.31672,0,10000000,64,8192,50,2,80,lattice,online,CR/MR/Pool=0.8/0.2/2_tournament
26,8,10,103.116,1.92593,0,10000000,256,8192,50,2,80,lattice,online,CR/MR/Pool=0.8/0.2/2_tournament
26,2,10,102.094,21.3916,0,10000000,16,8192,50,2,80,lattice,online,CR/MR/Pool=0.8/0.2/2_tournament
26,8,10,102.615,5.30002,0,10000000,64,8192,50,2,80,lattice,online,CR/MR/Pool=0.8/0.2/2_tournament
26,1,10,102.829,43.2697,0,10000000,8,8192,50,2,80,lattice,online,CR/MR/Pool=0.8/0.2/2_tournament
26,9,10,102.623,2.30532,0,10000000,256,8192,50,2,80,lattice,online,CR/MR/Pool=0.8/0.2/2_tournament
23,3,10,407.274,14.7385,0,10000000,8,8192,50,2,80,lattice,online,CR/MR/Pool=0.8/0.2/2_tournament
26,9,10,102.412,5.30212,0,10000000,64,8192,50,2,80,lattice,online,CR/MR/Pool=0.8/0.2/2_tournament
26,10,10,101.912,1.95709,0,10000000,256,8192,50,2,80,lattice,online,CR/MR/Pool=0.8/0.2/2_tournament
26,10,10,101.318,5.30149,0,10000000,64,8192,50,2,80,lattice,online,CR/MR/Pool=0.8/0.2/2_tournament
26,11,10,103,2.20054,0,10000000,256,8192,50,2,80,lattice,online,CR/MR/Pool=0.8/0.2/2_tournament
26,11,10,101.837,5.31046,0,10000000,64,8192,50,2,80,lattice,online,CR/MR/Pool=0.8/0.2/2_tournament
23,4,10,370.546,14.4671,0,10000000,8,8192,50,2,80,lattice,online,CR/MR/Pool=0.8/0.2/2_tournament
26,3,10,102.622,21.4131,0,10000000,16,8192,50,2,80,lattice,online,CR/MR/Pool=0.8/0.2/2_tournament
26,12,10,102.721,5.30918,0,10000000,64,8192,50,2,80,lattice,online,CR/MR/Pool=0.8/0.2/2_tournament
26,12,10,102.317,2.04368,0,10000000,256,8192,50,2,80,lattice,online,CR/MR/Pool=0.8/0.2/2_tournament
26,13,10,102.077,5.30447,0,10000000,64,8192,50,2,80,lattice,online,CR/MR/Pool=0.8/0.2/2_tournament
26,13,10,101.368,1.81677,0,10000000,256,8192,50,2,80,lattice,online,CR/MR/Pool=0.8/0.2/2_tournament
26,14,10,102.426,1.80329,0,10000000,256,8192,50,2,80,lattice,online,CR/MR/Pool=0.8/0.2/2_tournament
26,14,10,103.32,5.30247,0,10000000,64,8192,50,2,80,lattice,online,CR/MR/Pool=0.8/0.2/2_tournament
23,5,10,405.614,14.4109,0,10000000,8,8192,50,2,80,lattice,online,CR/MR/Pool=0.8/0.2/2_tournament
26,15,10,102.625,5.3115,0,10000000,64,8192,50,2,80,lattice,online,CR/MR/Pool=0.8/0.2/2_tournament
26,15,10,103.349,1.88586,0,10000000,256,8192,50,2,80,lattice,online,CR/MR/Pool=0.8/0.2/2_tournament
26,4,10,103.117,21.4254,0,10000000,16,8192,50,2,80,lattice,online,CR/MR/Pool=0.8/0.2/2_tournament
26,2,10,101.806,43.318,0,10000000,8,8192,50,2,80,lattice,online,CR/MR/Pool=0.8/0.2/2_tournament
23,6,10,397.936,14.4462,0,10000000,8,8192,50,2,80,lattice,online,CR/MR/Pool=0.8/0.2/2_tournament
26,5,10,102.122,21.4251,0,10000000,16,8192,50,2,80,lattice,online,CR/MR/Pool=0.8/0.2/2_tournament
23,7,10,389.311,14.6915,0,10000000,8,8192,50,2,80,lattice,online,CR/MR/Pool=0.8/0.2/2_tournament
23,8,10,359.576,14.4825,0,10000000,8,8192,50,2,80,lattice,online,CR/MR/Pool=0.8/0.2/2_tournament
26,6,10,101.942,21.4185,0,10000000,16,8192,50,2,80,lattice,online,CR/MR/Pool=0.8/0.2/2_tournament
26,3,10,103.038,43.2899,0,10000000,8,8192,50,2,80,lattice,online,CR/MR/Pool=0.8/0.2/2_tournament
23,9,10,387.293,14.3988,0,10000000,8,8192,50,2,80,lattice,online,CR/MR/Pool=0.8/0.2/2_tournament
26,7,10,102.521,21.4165,0,10000000,16,8192,50,2,80,lattice,online,CR/MR/Pool=0.8/0.2/2_tournament
23,10,10,377.064,14.4502,0,10000000,8,8192,50,2,80,lattice,online,CR/MR/Pool=0.8/0.2/2_tournament
23,11,10,382.204,14.6699,0,10000000,8,8192,50,2,80,lattice,online,CR/MR/Pool=0.8/0.2/2_tournament
26,8,10,102.122,21.4179,0,10000000,16,8192,50,2,80,lattice,online,CR/MR/Pool=0.8/0.2/2_tournament
26,4,10,103.068,43.2387,0,10000000,8,8192,50,2,80,lattice,online,CR/MR/Pool=0.8/0.2/2_tournament
23,12,10,391.122,14.4617,0,10000000,8,8192,50,2,80,lattice,online,CR/MR/Pool=0.8/0.2/2_tournament
26,9,10,102.553,21.4225,0,10000000,16,8192,50,2,80,lattice,online,CR/MR/Pool=0.8/0.2/2_tournament
23,13,10,347.766,14.4131,0,10000000,8,8192,50,2,80,lattice,online,CR/MR/Pool=0.8/0.2/2_tournament
23,14,10,396.717,14.5752,0,10000000,8,8192,50,2,80,lattice,online,CR/MR/Pool=0.8/0.2/2_tournament
26,10,10,101.799,21.4243,0,10000000,16,8192,50,2,80,lattice,online,CR/MR/Pool=0.8/0.2/2_tournament
26,5,10,102.814,43.259,0,10000000,8,8192,50,2,80,lattice,online,CR/MR/Pool=0.8/0.2/2_tournament
23,15,10,388.504,14.6778,0,10000000,8,8192,50,2,80,lattice,online,CR/MR/Pool=0.8/0.2/2_tournament
26,11,10,102.628,21.4191,0,10000000,16,8192,50,2,80,lattice,online,CR/MR/Pool=0.8/0.2/2_tournament
26,12,10,102.423,21.4211,0,10000000,16,8192,50,2,80,lattice,online,CR/MR/Pool=0.8/0.2/2_tournament
26,6,10,103.095,43.2397,0,10000000,8,8192,50,2,80,lattice,online,CR/MR/Pool=0.8/0.2/2_tournament
26,13,10,102.746,21.4165,0,10000000,16,8192,50,2,80,lattice,online,CR/MR/Pool=0.8/0.2/2_tournament
26,14,10,102.537,21.4124,0,10000000,16,8192,50,2,80,lattice,online,CR/MR/Pool=0.8/0.2/2_tournament
26,7,10,102.922,43.2446,0,10000000,8,8192,50,2,80,lattice,online,CR/MR/Pool=0.8/0.2/2_tournament
26,15,10,102.693,21.4201,0,10000000,16,8192,50,2,80,lattice,online,CR/MR/Pool=0.8/0.2/2_tournament
26,8,10,103.137,43.2511,0,10000000,8,8192,50,2,80,lattice,online,CR/MR/Pool=0.8/0.2/2_tournament
26,1,10,102.428,10.9091,0,10000000,32,8192,50,2,80,lattice,online,CR/MR/Pool=0.8/0.2/2_tournament
23,1,30,902.487,15.6323,0,30000000,64,8192,50,2,80,lattice,online,CR/MR/Pool=0.8/0.2/2_tournament
26,1,10,101.792,8.21962,0,10000000,512,8192,50,2,80,lattice,online,CR/MR/Pool=0.8/0.2/2_tournament
23,1,30,698.241,15.5081,0,30000000,256,8192,50,2,80,lattice,online,CR/MR/Pool=0.8/0.2/2_tournament
23,1,10,376.22,6.99213,0,10000000,512,8192,50,2,80,lattice,online,CR/MR/Pool=0.8/0.2/2_tournament
26,2,10,103.053,10.6504,0,10000000,32,8192,50,2,80,lattice,online,CR/MR/Pool=0.8/0.2/2_tournament
23,2,10,392.285,1.55273,0,10000000,512,8192,50,2,80,lattice,online,CR/MR/Pool=0.8/0.2/2_tournament
23,2,30,754.467,15.3684,0,30000000,64,8192,50,2,80,lattice,online,CR/MR/Pool=0.8/0.2/2_tournament
26,3,10,102.312,10.6445,0,10000000,32,8192,50,2,80,lattice,online,CR/MR/Pool=0.8/0.2/2_tournament
26,2,10,102.699,1.42001,0,10000000,512,8192,50,2,80,lattice,online,CR/MR/Pool=0.8/0.2/2_tournament
26,4,10,102.915,10.6454,0,10000000,32,8192,50,2,80,lattice,online,CR/MR/Pool=0.8/0.2/2_tournament
23,3,10,406.374,4.00338,0,10000000,512,8192,50,2,80,lattice,online,CR/MR/Pool=0.8/0.2/2_tournament
26,9,10,103.449,43.2282,0,10000000,8,8192,50,2,80,lattice,online,CR/MR/Pool=0.8/0.2/2_tournament
23,3,30,771.504,15.3165,0,30000000,64,8192,50,2,80,lattice,online,CR/MR/Pool=0.8/0.2/2_tournament
26,5,10,102.886,10.6429,0,10000000,32,8192,50,2,80,lattice,online,CR/MR/Pool=0.8/0.2/2_tournament
23,2,30,776.8,26.0147,0,30000000,256,8192,50,2,80,lattice,online,CR/MR/Pool=0.8/0.2/2_tournament
26,6,10,102.938,10.6436,0,10000000,32,8192,50,2,80,lattice,online,CR/MR/Pool=0.8/0.2/2_tournament
23,4,30,771.504,15.3194,0,30000000,64,8192,50,2,80,lattice,online,CR/MR/Pool=0.8/0.2/2_tournament
23,4,10,384.612,6.076,0,10000000,512,8192,50,2,80,lattice,online,CR/MR/Pool=0.8/0.2/2_tournament
26,3,10,102.61,19.0347,0,10000000,512,8192,50,2,80,lattice,online,CR/MR/Pool=0.8/0.2/2_tournament
26,7,10,102.266,10.639,0,10000000,32,8192,50,2,80,lattice,online,CR/MR/Pool=0.8/0.2/2_tournament
23,5,30,698.23,15.3052,0,30000000,64,8192,50,2,80,lattice,online,CR/MR/Pool=0.8/0.2/2_tournament
23,3,30,651.549,24.0934,0,30000000,256,8192,50,2,80,lattice,online,CR/MR/Pool=0.8/0.2/2_tournament
26,8,10,101.724,10.6341,0,10000000,32,8192,50,2,80,lattice,online,CR/MR/Pool=0.8/0.2/2_tournament
23,5,10,386.829,10.0373,0,10000000,512,8192,50,2,80,lattice,online,CR/MR/Pool=0.8/0.2/2_tournament
26,10,10,102.388,43.3238,0,10000000,8,8192,50,2,80,lattice,online,CR/MR/Pool=0.8/0.2/2_tournament
26,4,10,102.239,5.57065,0,10000000,512,8192,50,2,80,lattice,online,CR/MR/Pool=0.8/0.2/2_tournament
26,9,10,102.915,10.6395,0,10000000,32,8192,50,2,80,lattice,online,CR/MR/Pool=0.8/0.2/2_tournament
23,6,30,833.463,15.2919,0,30000000,64,8192,50,2,80,lattice,online,CR/MR/Pool=0.8/0.2/2_tournament
26,10,10,103.038,10.6334,0,10000000,32,8192,50,2,80,lattice,online,CR/MR/Pool=0.8/0.2/2_tournament
23,7,30,551.465,15.2665,0,30000000,64,8192,50,2,80,lattice,online,CR/MR/Pool=0.8/0.2/2_tournament
26,11,10,102.834,10.6401,0,10000000,32,8192,50,2,80,lattice,online,CR/MR/Pool=0.8/0.2/2_tournament
23,6,10,385.727,8.31004,0,10000000,512,8192,50,2,80,lattice,online,CR/MR/Pool=0.8/0.2/2_tournament
23,1,30,712.055,125.254,0,30000000,8,8192,50,2,80,lattice,online,CR/MR/Pool=0.8/0.2/2_tournament
26,12,10,102.552,10.6309,0,10000000,32,8192,50,2,80,lattice,online,CR/MR/Pool=0.8/0.2/2_tournament
23,4,30,890.849,25.4743,0,30000000,256,8192,50,2,80,lattice,online,CR/MR/Pool=0.8/0.2/2_tournament
26,5,10,102.581,12.7389,0,10000000,512,8192,50,2,80,lattice,online,CR/MR/Pool=0.8/0.2/2_tournament
23,8,30,763.306,15.2923,0,30000000,64,8192,50,2,80,lattice,online,CR/MR/Pool=0.8/0.2/2_tournament
26,11,10,102.603,43.2663,0,10000000,8,8192,50,2,80,lattice,online,CR/MR/Pool=0.8/0.2/2_tournament
23,7,10,386.537,5.1337,0,10000000,512,8192,50,2,80,lattice,online,CR/MR/Pool=0.8/0.2/2_tournament
26,13,10,102.881,10.6455,0,10000000,32,8192,50,2,80,lattice,online,CR/MR/Pool=0.8/0.2/2_tournament
23,8,10,385.247,2.95547,0,10000000,512,8192,50,2,80,lattice,online,CR/MR/Pool=0.8/0.2/2_tournament
23,9,30,761.518,15.2848,0,30000000,64,8192,50,2,80,lattice,online,CR/MR/Pool=0.8/0.2/2_tournament
26,14,10,102.834,10.627,0,10000000,32,8192,50,2,80,lattice,online,CR/MR/Pool=0.8/0.2/2_tournament
23,9,10,352.123,1.45312,0,10000000,512,8192,50,2,80,lattice,online,CR/MR/Pool=0.8/0.2/2_tournament
26,6,10,102.594,18.5244,0,10000000,512,8192,50,2,80,lattice,online,CR/MR/Pool=0.8/0.2/2_tournament
26,15,10,102.52,10.6476,0,10000000,32,8192,50,2,80,lattice,online,CR/MR/Pool=0.8/0.2/2_tournament
23,10,30,551.465,15.3469,0,30000000,64,8192,50,2,80,lattice,online,CR/MR/Pool=0.8/0.2/2_tournament
23,10,10,385.386,7.33871,0,10000000,512,8192,50,2,80,lattice,online,CR/MR/Pool=0.8/0.2/2_tournament
23,5,30,755.352,31.8168,0,30000000,256,8192,50,2,80,lattice,online,CR/MR/Pool=0.8/0.2/2_tournament
26,12,10,102.902,43.4833,0,10000000,8,8192,50,2,80,lattice,online,CR/MR/Pool=0.8/0.2/2_tournament
23,11,30,805.662,15.2803,0,30000000,64,8192,50,2,80,lattice,online,CR/MR/Pool=0.8/0.2/2_tournament
26,7,10,102.442,14.5415,0,10000000,512,8192,50,2,80,lattice,online,CR/MR/Pool=0.8/0.2/2_tournament
23,11,10,416.228,5.14663,0,10000000,512,8192,50,2,80,lattice,online,CR/MR/Pool=0.8/0.2/2_tournament
23,12,30,551.465,15.3041,0,30000000,64,8192,50,2,80,lattice,online,CR/MR/Pool=0.8/0.2/2_tournament
23,13,30,624.966,15.307,0,30000000,64,8192,50,2,80,lattice,online,CR/MR/Pool=0.8/0.2/2_tournament
23,12,10,386.829,9.0292,0,10000000,512,8192,50,2,80,lattice,online,CR/MR/Pool=0.8/0.2/2_tournament
26,8,10,102.567,9.34033,0,10000000,512,8192,50,2,80,lattice,online,CR/MR/Pool=0.8/0.2/2_tournament
26,13,10,102.271,43.3152,0,10000000,8,8192,50,2,80,lattice,online,CR/MR/Pool=0.8/0.2/2_tournament
23,13,10,372.548,2.52045,0,10000000,512,8192,50,2,80,lattice,online,CR/MR/Pool=0.8/0.2/2_tournament
23,14,30,698.23,15.2805,0,30000000,64,8192,50,2,80,lattice,online,CR/MR/Pool=0.8/0.2/2_tournament
23,6,30,800.027,25.2395,0,30000000,256,8192,50,2,80,lattice,online,CR/MR/Pool=0.8/0.2/2_tournament
23,14,10,377.386,1.28444,0,10000000,512,8192,50,2,80,lattice,online,CR/MR/Pool=0.8/0.2/2_tournament
26,9,10,102.535,8.41621,0,10000000,512,8192,50,2,80,lattice,online,CR/MR/Pool=0.8/0.2/2_tournament
23,15,30,776.417,15.2601,0,30000000,64,8192,50,2,80,lattice,online,CR/MR/Pool=0.8/0.2/2_tournament
23,15,10,379.159,11.8152,0,10000000,512,8192,50,2,80,lattice,online,CR/MR/Pool=0.8/0.2/2_tournament
23,2,30,661.033,126.656,0,30000000,8,8192,50,2,80,lattice,online,CR/MR/Pool=0.8/0.2/2_tournament
26,14,10,102.378,43.2518,0,10000000,8,8192,50,2,80,lattice,online,CR/MR/Pool=0.8/0.2/2_tournament
26,10,10,103.035,11.1631,0,10000000,512,8192,50,2,80,lattice,online,CR/MR/Pool=0.8/0.2/2_tournament
23,7,30,698.241,22.7954,0,30000000,256,8192,50,2,80,lattice,online,CR/MR/Pool=0.8/0.2/2_tournament
26,11,10,102.224,3.71676,0,10000000,512,8192,50,2,80,lattice,online,CR/MR/Pool=0.8/0.2/2_tournament
23,8,30,660.051,27.282,0,30000000,256,8192,50,2,80,lattice,online,CR/MR/Pool=0.8/0.2/2_tournament
26,15,10,102.28,43.2442,0,10000000,8,8192,50,2,80,lattice,online,CR/MR/Pool=0.8/0.2/2_tournament
26,12,10,101.851,11.6762,0,10000000,512,8192,50,2,80,lattice,online,CR/MR/Pool=0.8/0.2/2_tournament
23,1,10,371.729,1.56284,0,10000000,128,8192,50,2,80,lattice,online,CR/MR/Pool=0.8/0.2/2_tournament
23,2,10,384.293,0.97644,0,10000000,128,8192,50,2,80,lattice,online,CR/MR/Pool=0.8/0.2/2_tournament
26,1,10,103.222,3.37469,0,10000000,128,8192,50,2,80,lattice,online,CR/MR/Pool=0.8/0.2/2_tournament
23,3,10,379.101,1.03649,0,10000000,128,8192,50,2,80,lattice,online,CR/MR/Pool=0.8/0.2/2_tournament
23,4,10,383.305,1.0185,0,10000000,128,8192,50,2,80,lattice,online,CR/MR/Pool=0.8/0.2/2_tournament
23,5,10,404.124,1.01372,0,10000000,128,8192,50,2,80,lattice,online,CR/MR/Pool=0.8/0.2/2_tournament
26,2,10,102.647,2.74461,0,10000000,128,8192,50,2,80,lattice,online,CR/MR/Pool=0.8/0.2/2_tournament
23,6,10,389.337,1.00905,0,10000000,128,8192,50,2,80,lattice,online,CR/MR/Pool=0.8/0.2/2_tournament
23,7,10,378.978,1.01519,0,10000000,128,8192,50,2,80,lattice,online,CR/MR/Pool=0.8/0.2/2_tournament
23,8,10,384.293,1.01173,0,10000000,128,8192,50,2,80,lattice,online,CR/MR/Pool=0.8/0.2/2_tournament
26,3,10,102.383,2.82916,0,10000000,128,8192,50,2,80,lattice,online,CR/MR/Pool=0.8/0.2/2_tournament
23,9,10,375.155,1.02308,0,10000000,128,8192,50,2,80,lattice,online,CR/MR/Pool=0.8/0.2/2_tournament
23,10,10,378.978,1.03272,0,10000000,128,8192,50,2,80,lattice,online,CR/MR/Pool=0.8/0.2/2_tournament
23,11,10,411.344,1.03488,0,10000000,128,8192,50,2,80,lattice,online,CR/MR/Pool=0.8/0.2/2_tournament
26,4,10,102.737,2.79526,0,10000000,128,8192,50,2,80,lattice,online,CR/MR/Pool=0.8/0.2/2_tournament
23,12,10,378.978,1.02809,0,10000000,128,8192,50,2,80,lattice,online,CR/MR/Pool=0.8/0.2/2_tournament
23,13,10,400.183,0.988181,0,10000000,128,8192,50,2,80,lattice,online,CR/MR/Pool=0.8/0.2/2_tournament
26,5,10,103.289,2.78589,0,10000000,128,8192,50,2,80,lattice,online,CR/MR/Pool=0.8/0.2/2_tournament
23,14,10,380.944,1.03678,0,10000000,128,8192,50,2,80,lattice,online,CR/MR/Pool=0.8/0.2/2_tournament
23,15,10,394.948,1.05704,0,10000000,128,8192,50,2,80,lattice,online,CR/MR/Pool=0.8/0.2/2_tournament
26,13,10,102.949,14.7906,0,10000000,512,8192,50,2,80,lattice,online,CR/MR/Pool=0.8/0.2/2_tournament
26,6,10,102.972,2.83017,0,10000000,128,8192,50,2,80,lattice,online,CR/MR/Pool=0.8/0.2/2_tournament
26,7,10,102.692,2.92861,0,10000000,128,8192,50,2,80,lattice,online,CR/MR/Pool=0.8/0.2/2_tournament
26,8,10,101.845,2.79874,0,10000000,128,8192,50,2,80,lattice,online,CR/MR/Pool=0.8/0.2/2_tournament
26,9,10,102.758,2.86998,0,10000000,128,8192,50,2,80,lattice,online,CR/MR/Pool=0.8/0.2/2_tournament
26,10,10,103.166,2.84825,0,10000000,128,8192,50,2,80,lattice,online,CR/MR/Pool=0.8/0.2/2_tournament
26,11,10,102.812,2.87967,0,10000000,128,8192,50,2,80,lattice,online,CR/MR/Pool=0.8/0.2/2_tournament
23,9,30,957.766,30.3443,0,30000000,256,8192,50,2,80,lattice,online,CR/MR/Pool=0.8/0.2/2_tournament
26,12,10,102.619,2.76241,0,10000000,128,8192,50,2,80,lattice,online,CR/MR/Pool=0.8/0.2/2_tournament
26,1,30,180.911,49.7397,0,30000000,64,8192,50,2,80,lattice,online,CR/MR/Pool=0.8/0.2/2_tournament
26,13,10,102.672,2.83676,0,10000000,128,8192,50,2,80,lattice,online,CR/MR/Pool=0.8/0.2/2_tournament
26,14,10,102.736,2.89756,0,10000000,128,8192,50,2,80,lattice,online,CR/MR/Pool=0.8/0.2/2_tournament
26,14,10,102.518,19.1631,0,10000000,512,8192,50,2,80,lattice,online,CR/MR/Pool=0.8/0.2/2_tournament
26,15,10,102.987,2.75545,0,10000000,128,8192,50,2,80,lattice,online,CR/MR/Pool=0.8/0.2/2_tournament
26,1,30,194.092,53.4351,0,30000000,512,8192,50,2,80,lattice,online,CR/MR/Pool=0.8/0.2/2_tournament
23,1,30,801.068,62.079,0,30000000,16,8192,50,2,80,lattice,online,CR/MR/Pool=0.8/0.2/2_tournament
23,3,30,684.781,125.872,0,30000000,8,8192,50,2,80,lattice,online,CR/MR/Pool=0.8/0.2/2_tournament
26,15,10,102.979,7.79609,0,10000000,512,8192,50,2,80,lattice,online,CR/MR/Pool=0.8/0.2/2_tournament
23,10,30,703.675,27.8362,0,30000000,256,8192,50,2,80,lattice,online,CR/MR/Pool=0.8/0.2/2_tournament
26,2,30,230.273,48.8651,0,30000000,64,8192,50,2,80,lattice,online,CR/MR/Pool=0.8/0.2/2_tournament
23,11,30,755.352,21.9042,0,30000000,256,8192,50,2,80,lattice,online,CR/MR/Pool=0.8/0.2/2_tournament
23,2,30,677.771,62.1514,0,30000000,16,8192,50,2,80,lattice,online,CR/MR/Pool=0.8/0.2/2_tournament
26,3,30,150.826,48.8094,0,30000000,64,8192,50,2,80,lattice,online,CR/MR/Pool=0.8/0.2/2_tournament
23,12,30,703.675,26.3952,0,30000000,256,8192,50,2,80,lattice,online,CR/MR/Pool=0.8/0.2/2_tournament
26,4,30,138.902,48.8768,0,30000000,64,8192,50,2,80,lattice,online,CR/MR/Pool=0.8/0.2/2_tournament
26,1,30,172.966,195.701,0,30000000,16,8192,50,2,80,lattice,online,CR/MR/Pool=0.8/0.2/2_tournament
23,3,30,749.513,62.1496,0,30000000,16,8192,50,2,80,lattice,online,CR/MR/Pool=0.8/0.2/2_tournament
23,13,30,768,26.9876,0,30000000,256,8192,50,2,80,lattice,online,CR/MR/Pool=0.8/0.2/2_tournament
23,4,30,634.545,125.125,0,30000000,8,8192,50,2,80,lattice,online,CR/MR/Pool=0.8/0.2/2_tournament
23,14,30,732.066,23.7234,0,30000000,256,8192,50,2,80,lattice,online,CR/MR/Pool=0.8/0.2/2_tournament
26,5,30,197.557,48.868,0,30000000,64,8192,50,2,80,lattice,online,CR/MR/Pool=0.8/0.2/2_tournament
23,15,30,698.241,22.6151,0,30000000,256,8192,50,2,80,lattice,online,CR/MR/Pool=0.8/0.2/2_tournament
23,4,30,797.044,61.7685,0,30000000,16,8192,50,2,80,lattice,online,CR/MR/Pool=0.8/0.2/2_tournament
26,2,30,229.519,119.868,0,30000000,512,8192,50,2,80,lattice,online,CR/MR/Pool=0.8/0.2/2_tournament
26,6,30,198.52,48.8196,0,30000000,64,8192,50,2,80,lattice,online,CR/MR/Pool=0.8/0.2/2_tournament
23,5,30,596.435,124.29,0,30000000,8,8192,50,2,80,lattice,online,CR/MR/Pool=0.8/0.2/2_tournament
23,5,30,779.428,62.1142,0,30000000,16,8192,50,2,80,lattice,online,CR/MR/Pool=0.8/0.2/2_tournament
26,7,30,228.723,48.8696,0,30000000,64,8192,50,2,80,lattice,online,CR/MR/Pool=0.8/0.2/2_tournament
23,1,30,874.896,10.0571,0,30000000,512,8192,50,2,80,lattice,online,CR/MR/Pool=0.8/0.2/2_tournament
23,1,30,824.98,11.4585,0,30000000,128,8192,50,2,80,lattice,online,CR/MR/Pool=0.8/0.2/2_tournament
23,2,30,708.44,10.4004,0,30000000,128,8192,50,2,80,lattice,online,CR/MR/Pool=0.8/0.2/2_tournament
26,1,30,232.839,392.051,0,30000000,8,8192,50,2,80,lattice,online,CR/MR/Pool=0.8/0.2/2_tournament
26,8,30,230.313,48.8702,0,30000000,64,8192,50,2,80,lattice,online,CR/MR/Pool=0.8/0.2/2_tournament
23,1,30,816.509,30.7845,0,30000000,32,8192,50,2,80,lattice,online,CR/MR/Pool=0.8/0.2/2_tournament
26,2,30,233.561,196.212,0,30000000,16,8192,50,2,80,lattice,online,CR/MR/Pool=0.8/0.2/2_tournament
26,1,30,143.276,29.983,0,30000000,128,8192,50,2,80,lattice,online,CR/MR/Pool=0.8/0.2/2_tournament
23,6,30,749.513,61.6762,0,30000000,16,8192,50,2,80,lattice,online,CR/MR/Pool=0.8/0.2/2_tournament
26,1,30,235.722,37.43,0,30000000,256,8192,50,2,80,lattice,online,CR/MR/Pool=0.8/0.2/2_tournament
23,3,30,773.73,12.9993,0,30000000,128,8192,50,2,80,lattice,online,CR/MR/Pool=0.8/0.2/2_tournament
23,1,50,1643.8,52.8684,0,50000000,64,8192,50,2,80,lattice,online,CR/MR/Pool=0.8/0.2/2_tournament
23,4,30,773.414,10.0481,0,30000000,128,8192,50,2,80,lattice,online,CR/MR/Pool=0.8/0.2/2_tournament
23,1,50,1526.38,69.255,0,50000000,256,8192,50,2,80,lattice,online,CR/MR/Pool=0.8/0.2/2_tournament
23,2,30,673.561,30.8327,0,30000000,32,8192,50,2,80,lattice,online,CR/MR/Pool=0.8/0.2/2_tournament
26,3,30,137.336,128.109,0,30000000,512,8192,50,2,80,lattice,online,CR/MR/Pool=0.8/0.2/2_tournament
23,5,30,732.902,10.2026,0,30000000,128,8192,50,2,80,lattice,online,CR/MR/Pool=0.8/0.2/2_tournament
26,2,30,190.909,31.1049,0,30000000,128,8192,50,2,80,lattice,online,CR/MR/Pool=0.8/0.2/2_tournament
26,9,30,228.545,48.8131,0,30000000,64,8192,50,2,80,lattice,online,CR/MR/Pool=0.8/0.2/2_tournament
23,6,30,655.894,10.45,0,30000000,128,8192,50,2,80,lattice,online,CR/MR/Pool=0.8/0.2/2_tournament
23,1,50,1423.14,442.11,0,50000000,8,8192,50,2,80,lattice,online,CR/MR/Pool=0.8/0.2/2_tournament
23,6,30,674.828,125.728,0,30000000,8,8192,50,2,80,lattice,online,CR/MR/Pool=0.8/0.2/2_tournament
26,2,30,137.142,35.175,0,30000000,256,8192,50,2,80,lattice,online,CR/MR/Pool=0.8/0.2/2_tournament
23,3,30,761.903,30.5518,0,30000000,32,8192,50,2,80,lattice,online,CR/MR/Pool=0.8/0.2/2_tournament
26,1,30,234.504,98.4079,0,30000000,32,8192,50,2,80,lattice,online,CR/MR/Pool=0.8/0.2/2_tournament
23,7,30,655.894,10.373,0,30000000,128,8192,50,2,80,lattice,online,CR/MR/Pool=0.8/0.2/2_tournament
23,7,30,796.775,62.5196,0,30000000,16,8192,50,2,80,lattice,online,CR/MR/Pool=0.8/0.2/2_tournament
23,2,50,1669.03,52.4906,0,50000000,64,8192,50,2,80,lattice,online,CR/MR/Pool=0.8/0.2/2_tournament
23,8,30,527.639,10.3722,0,30000000,128,8192,50,2,80,lattice,online,CR/MR/Pool=0.8/0.2/2_tournament
26,1,50,328.09,150.027,0,50000000,64,8192,50,2,80,lattice,online,CR/MR/Pool=0.8/0.2/2_tournament
26,1,50,296.274,98.9278,0,50000000,128,8192,50,2,80,lattice,online,CR/MR/Pool=0.8/0.2/2_tournament
26,4,30,147.366,50.5761,0,30000000,512,8192,50,2,80,lattice,online,CR/MR/Pool=0.8/0.2/2_tournament
26,3,30,229.186,31.0416,0,30000000,128,8192,50,2,80,lattice,online,CR/MR/Pool=0.8/0.2/2_tournament
26,3,30,138.564,32.0555,0,30000000,256,8192,50,2,80,lattice,online,CR/MR/Pool=0.8/0.2/2_tournament
26,10,30,191.91,48.8353,0,30000000,64,8192,50,2,80,lattice,online,CR/MR/Pool=0.8/0.2/2_tournament
23,4,30,754.609,30.7778,0,30000000,32,8192,50,2,80,lattice,online,CR/MR/Pool=0.8/0.2/2_tournament
23,9,30,838.475,12.3607,0,30000000,128,8192,50,2,80,lattice,online,CR/MR/Pool=0.8/0.2/2_tournament
23,2,50,1776.41,61.1695,0,50000000,256,8192,50,2,80,lattice,online,CR/MR/Pool=0.8/0.2/2_tournament
23,10,30,960.337,10.1202,0,30000000,128,8192,50,2,80,lattice,online,CR/MR/Pool=0.8/0.2/2_tournament
23,11,30,791.286,10.583,0,30000000,128,8192,50,2,80,lattice,online,CR/MR/Pool=0.8/0.2/2_tournament
23,5,30,639.91,30.5896,0,30000000,32,8192,50,2,80,lattice,online,CR/MR/Pool=0.8/0.2/2_tournament
26,4,30,217.746,30.5094,0,30000000,128,8192,50,2,80,lattice,online,CR/MR/Pool=0.8/0.2/2_tournament
23,3,50,1764.65,52.5063,0,50000000,64,8192,50,2,80,lattice,online,CR/MR/Pool=0.8/0.2/2_tournament
23,2,30,659.879,119.337,0,30000000,512,8192,50,2,80,lattice,online,CR/MR/Pool=0.8/0.2/2_tournament
23,8,30,732.452,61.6886,0,30000000,16,8192,50,2,80,lattice,online,CR/MR/Pool=0.8/0.2/2_tournament
23,12,30,527.639,10.2122,0,30000000,128,8192,50,2,80,lattice,online,CR/MR/Pool=0.8/0.2/2_tournament
26,5,30,225.096,51.2989,0,30000000,512,8192,50,2,80,lattice,online,CR/MR/Pool=0.8/0.2/2_tournament
26,11,30,163.996,48.7985,0,30000000,64,8192,50,2,80,lattice,online,CR/MR/Pool=0.8/0.2/2_tournament
26,4,30,204.208,42.0823,0,30000000,256,8192,50,2,80,lattice,online,CR/MR/Pool=0.8/0.2/2_tournament
23,3,50,1827.54,45.0061,0,50000000,256,8192,50,2,80,lattice,online,CR/MR/Pool=0.8/0.2/2_tournament
23,13,30,825.12,10.0276,0,30000000,128,8192,50,2,80,lattice,online,CR/MR/Pool=0.8/0.2/2_tournament
23,6,30,487.283,30.7537,0,30000000,32,8192,50,2,80,lattice,online,CR/MR/Pool=0.8/0.2/2_tournament
26,2,30,166.867,98.0874,0,30000000,32,8192,50,2,80,lattice,online,CR/MR/Pool=0.8/0.2/2_tournament
23,14,30,773.414,11.9538,0,30000000,128,8192,50,2,80,lattice,online,CR/MR/Pool=0.8/0.2/2_tournament
26,5,30,228.295,32.3225,0,30000000,128,8192,50,2,80,lattice,online,CR/MR/Pool=0.8/0.2/2_tournament
23,7,30,812.302,125.79,0,30000000,8,8192,50,2,80,lattice,online,CR/MR/Pool=0.8/0.2/2_tournament
23,1,50,1795.43,210.515,0,50000000,16,8192,50,2,80,lattice,online,CR/MR/Pool=0.8/0.2/2_tournament
23,4,50,1685.62,52.5068,0,50000000,64,8192,50,2,80,lattice,online,CR/MR/Pool=0.8/0.2/2_tournament
26,3,30,220.198,195.347,0,30000000,16,8192,50,2,80,lattice,online,CR/MR/Pool=0.8/0.2/2_tournament
26,5,30,138.564,33.2987,0,30000000,256,8192,50,2,80,lattice,online,CR/MR/Pool=0.8/0.2/2_tournament
26,12,30,138.902,48.8827,0,30000000,64,8192,50,2,80,lattice,online,CR/MR/Pool=0.8/0.2/2_tournament
23,15,30,843.377,11.8313,0,30000000,128,8192,50,2,80,lattice,online,CR/MR/Pool=0.8/0.2/2_tournament
23,7,30,639.91,30.5834,0,30000000,32,8192,50,2,80,lattice,online,CR/MR/Pool=0.8/0.2/2_tournament
23,9,30,773.183,62.1053,0,30000000,16,8192,50,2,80,lattice,online,CR/MR/Pool=0.8/0.2/2_tournament
26,6,30,225.6,30.359,0,30000000,128,8192,50,2,80,lattice,online,CR/MR/Pool=0.8/0.2/2_tournament
26,2,50,322.492,104.237,0,50000000,128,8192,50,2,80,lattice,online,CR/MR/Pool=0.8/0.2/2_tournament
23,8,30,723.583,30.789,0,30000000,32,8192,50,2,80,lattice,online,CR/MR/Pool=0.8/0.2/2_tournament
26,2,50,312.117,148.433,0,50000000,64,8192,50,2,80,lattice,online,CR/MR/Pool=0.8/0.2/2_tournament
26,1,50,318.629,298.516,0,50000000,32,8192,50,2,80,lattice,online,CR/MR/Pool=0.8/0.2/2_tournament
23,4,50,1798.65,66.4324,0,50000000,256,8192,50,2,80,lattice,online,CR/MR/Pool=0.8/0.2/2_tournament
26,6,30,118.507,36.0255,0,30000000,256,8192,50,2,80,lattice,online,CR/MR/Pool=0.8/0.2/2_tournament
23,5,50,1684.85,52.6457,0,50000000,64,8192,50,2,80,lattice,online,CR/MR/Pool=0.8/0.2/2_tournament
26,13,30,227.572,48.8941,0,30000000,64,8192,50,2,80,lattice,online,CR/MR/Pool=0.8/0.2/2_tournament
23,9,30,487.283,30.5709,0,30000000,32,8192,50,2,80,lattice,online,CR/MR/Pool=0.8/0.2/2_tournament
26,3,30,172.994,98.0863,0,30000000,32,8192,50,2,80,lattice,online,CR/MR/Pool=0.8/0.2/2_tournament
23,10,30,603.644,61.6785,0,30000000,16,8192,50,2,80,lattice,online,CR/MR/Pool=0.8/0.2/2_tournament
26,7,30,152.202,32.2374,0,30000000,128,8192,50,2,80,lattice,online,CR/MR/Pool=0.8/0.2/2_tournament
26,14,30,138.902,48.8299,0,30000000,64,8192,50,2,80,lattice,online,CR/MR/Pool=0.8/0.2/2_tournament
23,10,30,770.205,30.7795,0,30000000,32,8192,50,2,80,lattice,online,CR/MR/Pool=0.8/0.2/2_tournament
26,7,30,235.622,43.2087,0,30000000,256,8192,50,2,80,lattice,online,CR/MR/Pool=0.8/0.2/2_tournament
23,6,50,1461.64,52.4204,0,50000000,64,8192,50,2,80,lattice,online,CR/MR/Pool=0.8/0.2/2_tournament
23,1,50,1617.03,34.5403,0,50000000,128,8192,50,2,80,lattice,online,CR/MR/Pool=0.8/0.2/2_tournament
26,6,30,127.43,135.153,0,30000000,512,8192,50,2,80,lattice,online,CR/MR/Pool=0.8/0.2/2_tournament
23,8,30,814.431,124.791,0,30000000,8,8192,50,2,80,lattice,online,CR/MR/Pool=0.8/0.2/2_tournament
26,8,30,151.605,29.4184,0,30000000,128,8192,50,2,80,lattice,online,CR/MR/Pool=0.8/0.2/2_tournament
23,5,50,2115.7,68.9462,0,50000000,256,8192,50,2,80,lattice,online,CR/MR/Pool=0.8/0.2/2_tournament
23,11,30,817.644,30.5391,0,30000000,32,8192,50,2,80,lattice,online,CR/MR/Pool=0.8/0.2/2_tournament
23,11,30,770.37,62.5311,0,30000000,16,8192,50,2,80,lattice,online,CR/MR/Pool=0.8/0.2/2_tournament
26,15,30,145.004,48.8059,0,30000000,64,8192,50,2,80,lattice,online,CR/MR/Pool=0.8/0.2/2_tournament
26,3,50,305.103,97.2416,0,50000000,128,8192,50,2,80,lattice,online,CR/MR/Pool=0.8/0.2/2_tournament
26,8,30,234.077,38.6567,0,30000000,256,8192,50,2,80,lattice,online,CR/MR/Pool=0.8/0.2/2_tournament
23,7,50,1684.85,52.5596,0,50000000,64,8192,50,2,80,lattice,online,CR/MR/Pool=0.8/0.2/2_tournament
26,9,30,228.202,30.9241,0,30000000,128,8192,50,2,80,lattice,online,CR/MR/Pool=0.8/0.2/2_tournament
23,2,50,1891.29,39.6367,0,50000000,128,8192,50,2,80,lattice,online,CR/MR/Pool=0.8/0.2/2_tournament
26,1,50,293.064,93.6722,0,50000000,256,8192,50,2,80,lattice,online,CR/MR/Pool=0.8/0.2/2_tournament
23,12,30,639.91,30.7667,0,30000000,32,8192,50,2,80,lattice,online,CR/MR/Pool=0.8/0.2/2_tournament
26,4,30,166.867,98.0066,0,30000000,32,8192,50,2,80,lattice,online,CR/MR/Pool=0.8/0.2/2_tournament
26,2,30,232.844,391.795,0,30000000,8,8192,50,2,80,lattice,online,CR/MR/Pool=0.8/0.2/2_tournament
23,3,30,734.664,113.51,0,30000000,512,8192,50,2,80,lattice,online,CR/MR/Pool=0.8/0.2/2_tournament
23,1,50,1592.63,105.604,0,50000000,32,8192,50,2,80,lattice,online,CR/MR/Pool=0.8/0.2/2_tournament
26,3,50,298.405,148.343,0,50000000,64,8192,50,2,80,lattice,online,CR/MR/Pool=0.8/0.2/2_tournament
26,4,30,195.105,195.687,0,30000000,16,8192,50,2,80,lattice,online,CR/MR/Pool=0.8/0.2/2_tournament
23,13,30,639.91,30.6046,0,30000000,32,8192,50,2,80,lattice,online,CR/MR/Pool=0.8/0.2/2_tournament
23,6,50,1506.4,59.8104,0,50000000,256,8192,50,2,80,lattice,online,CR/MR/Pool=0.8/0.2/2_tournament
26,9,30,126.227,31.7024,0,30000000,256,8192,50,2,80,lattice,online,CR/MR/Pool=0.8/0.2/2_tournament
23,12,30,603.644,61.2705,0,30000000,16,8192,50,2,80,lattice,online,CR/MR/Pool=0.8/0.2/2_tournament
26,7,30,123.526,76.229,0,30000000,512,8192,50,2,80,lattice,online,CR/MR/Pool=0.8/0.2/2_tournament
26,10,30,151.605,30.0178,0,30000000,128,8192,50,2,80,lattice,online,CR/MR/Pool=0.8/0.2/2_tournament
23,2,50,1874.3,213.624,0,50000000,16,8192,50,2,80,lattice,online,CR/MR/Pool=0.8/0.2/2_tournament
23,3,50,1465.17,39.12,0,50000000,128,8192,50,2,80,lattice,online,CR/MR/Pool=0.8/0.2/2_tournament
23,8,50,1599.15,52.5572,0,50000000,64,8192,50,2,80,lattice,online,CR/MR/Pool=0.8/0.2/2_tournament
23,14,30,770.205,30.7726,0,30000000,32,8192,50,2,80,lattice,online,CR/MR/Pool=0.8/0.2/2_tournament
23,9,30,722.455,124.13,0,30000000,8,8192,50,2,80,lattice,online,CR/MR/Pool=0.8/0.2/2_tournament
23,1,50,1746.58,228.854,0,50000000,512,8192,50,2,80,lattice,online,CR/MR/Pool=0.8/0.2/2_tournament
26,10,30,234.634,38.806,0,30000000,256,8192,50,2,80,lattice,online,CR/MR/Pool=0.8/0.2/2_tournament
26,11,30,160.596,31.7155,0,30000000,128,8192,50,2,80,lattice,online,CR/MR/Pool=0.8/0.2/2_tournament
26,1,50,347.794,185.342,0,50000000,512,8192,50,2,80,lattice,online,CR/MR/Pool=0.8/0.2/2_tournament
23,4,50,1692.31,33.631,0,50000000,128,8192,50,2,80,lattice,online,CR/MR/Pool=0.8/0.2/2_tournament
23,15,30,905.612,30.5452,0,30000000,32,8192,50,2,80,lattice,online,CR/MR/Pool=0.8/0.2/2_tournament
26,8,30,168.442,55.5027,0,30000000,512,8192,50,2,80,lattice,online,CR/MR/Pool=0.8/0.2/2_tournament
26,5,30,247.571,98.0102,0,30000000,32,8192,50,2,80,lattice,online,CR/MR/Pool=0.8/0.2/2_tournament
23,13,30,797.044,62.0899,0,30000000,16,8192,50,2,80,lattice,online,CR/MR/Pool=0.8/0.2/2_tournament
23,9,50,1540.72,52.667,0,50000000,64,8192,50,2,80,lattice,online,CR/MR/Pool=0.8/0.2/2_tournament
23,7,50,1604.11,52.7518,0,50000000,256,8192,50,2,80,lattice,online,CR/MR/Pool=0.8/0.2/2_tournament
26,2,50,325.406,92.5364,0,50000000,256,8192,50,2,80,lattice,online,CR/MR/Pool=0.8/0.2/2_tournament
23,2,50,1628.27,105.994,0,50000000,32,8192,50,2,80,lattice,online,CR/MR/Pool=0.8/0.2/2_tournament
26,4,50,302.441,106.692,0,50000000,128,8192,50,2,80,lattice,online,CR/MR/Pool=0.8/0.2/2_tournament
26,12,30,181.939,28.4635,0,30000000,128,8192,50,2,80,lattice,online,CR/MR/Pool=0.8/0.2/2_tournament
26,11,30,140,35.9171,0,30000000,256,8192,50,2,80,lattice,online,CR/MR/Pool=0.8/0.2/2_tournament
23,5,50,1617.03,31.5909,0,50000000,128,8192,50,2,80,lattice,online,CR/MR/Pool=0.8/0.2/2_tournament
23,2,50,1559.24,427.122,0,50000000,8,8192,50,2,80,lattice,online,CR/MR/Pool=0.8/0.2/2_tournament
26,9,30,184.68,52.0747,0,30000000,512,8192,50,2,80,lattice,online,CR/MR/Pool=0.8/0.2/2_tournament
23,10,50,1653.01,52.4482,0,50000000,64,8192,50,2,80,lattice,online,CR/MR/Pool=0.8/0.2/2_tournament
23,14,30,688.116,61.6791,0,30000000,16,8192,50,2,80,lattice,online,CR/MR/Pool=0.8/0.2/2_tournament
26,4,50,298.72,148.31,0,50000000,64,8192,50,2,80,lattice,online,CR/MR/Pool=0.8/0.2/2_tournament
26,2,50,315.786,297.481,0,50000000,32,8192,50,2,80,lattice,online,CR/MR/Pool=0.8/0.2/2_tournament
26,13,30,240.849,31.1424,0,30000000,128,8192,50,2,80,lattice,online,CR/MR/Pool=0.8/0.2/2_tournament
26,12,30,146.687,34.4812,0,30000000,256,8192,50,2,80,lattice,online,CR/MR/Pool=0.8/0.2/2_tournament
23,4,30,836.355,145.046,0,30000000,512,8192,50,2,80,lattice,online,CR/MR/Pool=0.8/0.2/2_tournament
26,1,50,337.69,597.498,0,50000000,16,8192,50,2,80,lattice,online,CR/MR/Pool=0.8/0.2/2_tournament
23,10,30,784.966,125.088,0,30000000,8,8192,50,2,80,lattice,online,CR/MR/Pool=0.8/0.2/2_tournament
26,6,30,119.487,97.8739,0,30000000,32,8192,50,2,80,lattice,online,CR/MR/Pool=0.8/0.2/2_tournament
23,6,50,1779.22,42.3701,0,50000000,128,8192,50,2,80,lattice,online,CR/MR/Pool=0.8/0.2/2_tournament
23,8,50,1601.1,69.6145,0,50000000,256,8192,50,2,80,lattice,online,CR/MR/Pool=0.8/0.2/2_tournament
23,11,50,1602.15,52.5649,0,50000000,64,8192,50,2,80,lattice,online,CR/MR/Pool=0.8/0.2/2_tournament
26,14,30,160.596,28.6186,0,30000000,128,8192,50,2,80,lattice,online,CR/MR/Pool=0.8/0.2/2_tournament
26,10,30,122.35,53.9207,0,30000000,512,8192,50,2,80,lattice,online,CR/MR/Pool=0.8/0.2/2_tournament
26,5,30,173.745,196.102,0,30000000,16,8192,50,2,80,lattice,online,CR/MR/Pool=0.8/0.2/2_tournament
26,3,50,269.799,95.9951,0,50000000,256,8192,50,2,80,lattice,online,CR/MR/Pool=0.8/0.2/2_tournament
26,13,30,131.32,35.7429,0,30000000,256,8192,50,2,80,lattice,online,CR/MR/Pool=0.8/0.2/2_tournament
23,3,50,1826.29,106.116,0,50000000,32,8192,50,2,80,lattice,online,CR/MR/Pool=0.8/0.2/2_tournament
23,15,30,798.968,62.5098,0,30000000,16,8192,50,2,80,lattice,online,CR/MR/Pool=0.8/0.2/2_tournament
23,7,50,1617.03,32.3818,0,50000000,128,8192,50,2,80,lattice,online,CR/MR/Pool=0.8/0.2/2_tournament
26,15,30,235.567,32.4646,0,30000000,128,8192,50,2,80,lattice,online,CR/MR/Pool=0.8/0.2/2_tournament
26,5,50,295.481,96.3863,0,50000000,128,8192,50,2,80,lattice,online,CR/MR/Pool=0.8/0.2/2_tournament
23,3,50,1974,213.65,0,50000000,16,8192,50,2,80,lattice,online,CR/MR/Pool=0.8/0.2/2_tournament
23,12,50,1603.9,52.5257,0,50000000,64,8192,50,2,80,lattice,online,CR/MR/Pool=0.8/0.2/2_tournament
26,14,30,237.111,41.8559,0,30000000,256,8192,50,2,80,lattice,online,CR/MR/Pool=0.8/0.2/2_tournament
23,8,50,1537.24,33.8573,0,50000000,128,8192,50,2,80,lattice,online,CR/MR/Pool=0.8/0.2/2_tournament
23,5,30,694.882,62.3927,0,30000000,512,8192,50,2,80,lattice,online,CR/MR/Pool=0.8/0.2/2_tournament
26,7,30,248.071,97.9191,0,30000000,32,8192,50,2,80,lattice,online,CR/MR/Pool=0.8/0.2/2_tournament
23,9,50,1526.38,75.113,0,50000000,256,8192,50,2,80,lattice,online,CR/MR/Pool=0.8/0.2/2_tournament
26,5,50,261.201,148.387,0,50000000,64,8192,50,2,80,lattice,online,CR/MR/Pool=0.8/0.2/2_tournament
26,4,50,286.751,87.2784,0,50000000,256,8192,50,2,80,lattice,online,CR/MR/Pool=0.8/0.2/2_tournament
23,13,50,1496.16,52.7079,0,50000000,64,8192,50,2,80,lattice,online,CR/MR/Pool=0.8/0.2/2_tournament
23,11,30,700.845,127.268,0,30000000,8,8192,50,2,80,lattice,online,CR/MR/Pool=0.8/0.2/2_tournament
26,15,30,174.82,39.4516,0,30000000,256,8192,50,2,80,lattice,online,CR/MR/Pool=0.8/0.2/2_tournament
23,4,50,1824.36,105.342,0,50000000,32,8192,50,2,80,lattice,online,CR/MR/Pool=0.8/0.2/2_tournament
23,9,50,1617.03,40.009,0,50000000,128,8192,50,2,80,lattice,online,CR/MR/Pool=0.8/0.2/2_tournament
26,11,30,158.249,118.473,0,30000000,512,8192,50,2,80,lattice,online,CR/MR/Pool=0.8/0.2/2_tournament
23,10,50,1848.86,46.9759,0,50000000,256,8192,50,2,80,lattice,online,CR/MR/Pool=0.8/0.2/2_tournament
23,14,50,1700.65,52.4606,0,50000000,64,8192,50,2,80,lattice,online,CR/MR/Pool=0.8/0.2/2_tournament
26,3,30,230.254,392.035,0,30000000,8,8192,50,2,80,lattice,online,CR/MR/Pool=0.8/0.2/2_tournament
26,8,30,237.381,97.9106,0,30000000,32,8192,50,2,80,lattice,online,CR/MR/Pool=0.8/0.2/2_tournament
26,6,50,297.801,94.5689,0,50000000,128,8192,50,2,80,lattice,online,CR/MR/Pool=0.8/0.2/2_tournament
23,10,50,1410.26,38.5201,0,50000000,128,8192,50,2,80,lattice,online,CR/MR/Pool=0.8/0.2/2_tournament
26,6,30,237.175,195.652,0,30000000,16,8192,50,2,80,lattice,online,CR/MR/Pool=0.8/0.2/2_tournament
26,5,50,291.797,81.1319,0,50000000,256,8192,50,2,80,lattice,online,CR/MR/Pool=0.8/0.2/2_tournament
23,15,50,1586.93,52.5216,0,50000000,64,8192,50,2,80,lattice,online,CR/MR/Pool=0.8/0.2/2_tournament
23,6,30,777.316,128.633,0,30000000,512,8192,50,2,80,lattice,online,CR/MR/Pool=0.8/0.2/2_tournament
23,12,30,595.751,124.179,0,30000000,8,8192,50,2,80,lattice,online,CR/MR/Pool=0.8/0.2/2_tournament
23,11,50,1746.54,64.6447,0,50000000,256,8192,50,2,80,lattice,online,CR/MR/Pool=0.8/0.2/2_tournament
23,5,50,1590.73,106.205,0,50000000,32,8192,50,2,80,lattice,online,CR/MR/Pool=0.8/0.2/2_tournament
23,11,50,1465.17,37.6537,0,50000000,128,8192,50,2,80,lattice,online,CR/MR/Pool=0.8/0.2/2_tournament
26,6,50,310.028,148.519,0,50000000,64,8192,50,2,80,lattice,online,CR/MR/Pool=0.8/0.2/2_tournament
26,3,50,268.155,297.594,0,50000000,32,8192,50,2,80,lattice,online,CR/MR/Pool=0.8/0.2/2_tournament
23,4,50,1508.72,212.454,0,50000000,16,8192,50,2,80,lattice,online,CR/MR/Pool=0.8/0.2/2_tournament
26,9,30,166.867,98.148,0,30000000,32,8192,50,2,80,lattice,online,CR/MR/Pool=0.8/0.2/2_tournament
23,12,50,1220.94,33.4778,0,50000000,128,8192,50,2,80,lattice,online,CR/MR/Pool=0.8/0.2/2_tournament
23,7,30,659.879,77.1306,0,30000000,512,8192,50,2,80,lattice,online,CR/MR/Pool=0.8/0.2/2_tournament
26,7,50,341.833,95.7048,0,50000000,128,8192,50,2,80,lattice,online,CR/MR/Pool=0.8/0.2/2_tournament
23,12,50,1506.4,68.7587,0,50000000,256,8192,50,2,80,lattice,online,CR/MR/Pool=0.8/0.2/2_tournament
26,2,50,319.696,385.002,0,50000000,512,8192,50,2,80,lattice,online,CR/MR/Pool=0.8/0.2/2_tournament
26,6,50,354.609,103.846,0,50000000,256,8192,50,2,80,lattice,online,CR/MR/Pool=0.8/0.2/2_tournament
23,13,50,1869.63,40.386,0,50000000,128,8192,50,2,80,lattice,online,CR/MR/Pool=0.8/0.2/2_tournament
23,6,50,1805.9,105.716,0,50000000,32,8192,50,2,80,lattice,online,CR/MR/Pool=0.8/0.2/2_tournament
23,13,30,862.052,124.839,0,30000000,8,8192,50,2,80,lattice,online,CR/MR/Pool=0.8/0.2/2_tournament
23,3,50,1699.28,431.499,0,50000000,8,8192,50,2,80,lattice,online,CR/MR/Pool=0.8/0.2/2_tournament
26,10,30,200.933,98.0688,0,30000000,32,8192,50,2,80,lattice,online,CR/MR/Pool=0.8/0.2/2_tournament
26,7,30,119.298,196.107,0,30000000,16,8192,50,2,80,lattice,online,CR/MR/Pool=0.8/0.2/2_tournament
23,14,50,1845.83,38.3141,0,50000000,128,8192,50,2,80,lattice,online,CR/MR/Pool=0.8/0.2/2_tournament
26,7,50,294.198,148.238,0,50000000,64,8192,50,2,80,lattice,online,CR/MR/Pool=0.8/0.2/2_tournament
23,8,30,772.611,91.2561,0,30000000,512,8192,50,2,80,lattice,online,CR/MR/Pool=0.8/0.2/2_tournament
23,13,50,1516.64,68.8956,0,50000000,256,8192,50,2,80,lattice,online,CR/MR/Pool=0.8/0.2/2_tournament
26,12,30,123.526,115.405,0,30000000,512,8192,50,2,80,lattice,online,CR/MR/Pool=0.8/0.2/2_tournament
26,7,50,318.954,88.9407,0,50000000,256,8192,50,2,80,lattice,online,CR/MR/Pool=0.8/0.2/2_tournament
23,15,50,1593.38,32.9857,0,50000000,128,8192,50,2,80,lattice,online,CR/MR/Pool=0.8/0.2/2_tournament
26,8,50,285.55,97.8406,0,50000000,128,8192,50,2,80,lattice,online,CR/MR/Pool=0.8/0.2/2_tournament
23,7,50,1741.76,105.781,0,50000000,32,8192,50,2,80,lattice,online,CR/MR/Pool=0.8/0.2/2_tournament
26,11,30,119.487,97.9118,0,30000000,32,8192,50,2,80,lattice,online,CR/MR/Pool=0.8/0.2/2_tournament
23,14,30,906.107,125.224,0,30000000,8,8192,50,2,80,lattice,online,CR/MR/Pool=0.8/0.2/2_tournament
23,5,50,1900.72,212.452,0,50000000,16,8192,50,2,80,lattice,online,CR/MR/Pool=0.8/0.2/2_tournament
26,1,50,336.199,1190.46,0,50000000,8,8192,50,2,80,lattice,online,CR/MR/Pool=0.8/0.2/2_tournament
23,14,50,1519.06,84.4332,0,50000000,256,8192,50,2,80,lattice,online,CR/MR/Pool=0.8/0.2/2_tournament
26,8,50,305.621,84.8952,0,50000000,256,8192,50,2,80,lattice,online,CR/MR/Pool=0.8/0.2/2_tournament
26,8,50,298.72,148.357,0,50000000,64,8192,50,2,80,lattice,online,CR/MR/Pool=0.8/0.2/2_tournament
23,2,50,1940.76,562.465,0,50000000,512,8192,50,2,80,lattice,online,CR/MR/Pool=0.8/0.2/2_tournament
26,4,50,302.656,297.535,0,50000000,32,8192,50,2,80,lattice,online,CR/MR/Pool=0.8/0.2/2_tournament
26,4,30,225.845,392.403,0,30000000,8,8192,50,2,80,lattice,online,CR/MR/Pool=0.8/0.2/2_tournament
23,8,50,1669.03,105.817,0,50000000,32,8192,50,2,80,lattice,online,CR/MR/Pool=0.8/0.2/2_tournament
26,12,30,220.42,97.7715,0,30000000,32,8192,50,2,80,lattice,online,CR/MR/Pool=0.8/0.2/2_tournament
26,9,50,290.767,95.4756,0,50000000,128,8192,50,2,80,lattice,online,CR/MR/Pool=0.8/0.2/2_tournament
26,2,50,298.492,596.726,0,50000000,16,8192,50,2,80,lattice,online,CR/MR/Pool=0.8/0.2/2_tournament
26,13,30,227.507,134.972,0,30000000,512,8192,50,2,80,lattice,online,CR/MR/Pool=0.8/0.2/2_tournament
26,8,30,228.738,195.638,0,30000000,16,8192,50,2,80,lattice,online,CR/MR/Pool=0.8/0.2/2_tournament
23,15,30,828.246,126.194,0,30000000,8,8192,50,2,80,lattice,online,CR/MR/Pool=0.8/0.2/2_tournament
23,9,30,865.907,85.1691,0,30000000,512,8192,50,2,80,lattice,online,CR/MR/Pool=0.8/0.2/2_tournament
26,9,50,286.751,75.8228,0,50000000,256,8192,50,2,80,lattice,online,CR/MR/Pool=0.8/0.2/2_tournament
23,15,50,1807.89,70.5844,0,50000000,256,8192,50,2,80,lattice,online,CR/MR/Pool=0.8/0.2/2_tournament
26,13,30,177.492,97.9529,0,30000000,32,8192,50,2,80,lattice,online,CR/MR/Pool=0.8/0.2/2_tournament
23,9,50,1405.7,105.773,0,50000000,32,8192,50,2,80,lattice,online,CR/MR/Pool=0.8/0.2/2_tournament
26,3,50,279.313,330.626,0,50000000,512,8192,50,2,80,lattice,online,CR/MR/Pool=0.8/0.2/2_tournament
26,9,50,315.837,148.413,0,50000000,64,8192,50,2,80,lattice,online,CR/MR/Pool=0.8/0.2/2_tournament
26,14,30,158.249,72.5935,0,30000000,512,8192,50,2,80,lattice,online,CR/MR/Pool=0.8/0.2/2_tournament
26,10,50,309.954,97.3554,0,50000000,128,8192,50,2,80,lattice,online,CR/MR/Pool=0.8/0.2/2_tournament
23,6,50,1366.16,212.456,0,50000000,16,8192,50,2,80,lattice,online,CR/MR/Pool=0.8/0.2/2_tournament
26,10,50,347.763,81.1335,0,50000000,256,8192,50,2,80,lattice,online,CR/MR/Pool=0.8/0.2/2_tournament
26,14,30,224.343,98.0441,0,30000000,32,8192,50,2,80,lattice,online,CR/MR/Pool=0.8/0.2/2_tournament
26,9,30,193.844,196.118,0,30000000,16,8192,50,2,80,lattice,online,CR/MR/Pool=0.8/0.2/2_tournament
23,10,50,1751.8,105.807,0,50000000,32,8192,50,2,80,lattice,online,CR/MR/Pool=0.8/0.2/2_tournament
23,4,50,1622.71,426.655,0,50000000,8,8192,50,2,80,lattice,online,CR/MR/Pool=0.8/0.2/2_tournament
26,15,30,156.312,105.159,0,30000000,512,8192,50,2,80,lattice,online,CR/MR/Pool=0.8/0.2/2_tournament
23,10,30,865.907,114.035,0,30000000,512,8192,50,2,80,lattice,online,CR/MR/Pool=0.8/0.2/2_tournament
26,11,50,309.381,100.541,0,50000000,128,8192,50,2,80,lattice,online,CR/MR/Pool=0.8/0.2/2_tournament
26,10,50,329.878,148.427,0,50000000,64,8192,50,2,80,lattice,online,CR/MR/Pool=0.8/0.2/2_tournament
26,5,50,337.457,297.602,0,50000000,32,8192,50,2,80,lattice,online,CR/MR/Pool=0.8/0.2/2_tournament
26,11,50,319.078,110.274,0,50000000,256,8192,50,2,80,lattice,online,CR/MR/Pool=0.8/0.2/2_tournament
26,15,30,226.441,98.1115,0,30000000,32,8192,50,2,80,lattice,online,CR/MR/Pool=0.8/0.2/2_tournament
23,11,50,1846.11,105.776,0,50000000,32,8192,50,2,80,lattice,online,CR/MR/Pool=0.8/0.2/2_tournament
26,4,50,322.06,212.223,0,50000000,512,8192,50,2,80,lattice,online,CR/MR/Pool=0.8/0.2/2_tournament
23,7,50,1465.91,213.642,0,50000000,16,8192,50,2,80,lattice,online,CR/MR/Pool=0.8/0.2/2_tournament
26,5,30,246.055,392.763,0,30000000,8,8192,50,2,80,lattice,online,CR/MR/Pool=0.8/0.2/2_tournament
23,11,30,819.787,122.041,0,30000000,512,8192,50,2,80,lattice,online,CR/MR/Pool=0.8/0.2/2_tournament
26,12,50,311.395,99.7328,0,50000000,128,8192,50,2,80,lattice,online,CR/MR/Pool=0.8/0.2/2_tournament
26,10,30,207.665,195.652,0,30000000,16,8192,50,2,80,lattice,online,CR/MR/Pool=0.8/0.2/2_tournament
26,12,50,341.385,97.4923,0,50000000,256,8192,50,2,80,lattice,online,CR/MR/Pool=0.8/0.2/2_tournament
26,11,50,320.044,148.279,0,50000000,64,8192,50,2,80,lattice,online,CR/MR/Pool=0.8/0.2/2_tournament
23,12,50,1806.93,105.81,0,50000000,32,8192,50,2,80,lattice,online,CR/MR/Pool=0.8/0.2/2_tournament
23,3,50,1459.02,463.476,0,50000000,512,8192,50,2,80,lattice,online,CR/MR/Pool=0.8/0.2/2_tournament
26,13,50,286.751,68.607,0,50000000,256,8192,50,2,80,lattice,online,CR/MR/Pool=0.8/0.2/2_tournament
26,5,50,295.104,138.709,0,50000000,512,8192,50,2,80,lattice,online,CR/MR/Pool=0.8/0.2/2_tournament
26,13,50,304.633,97.8907,0,50000000,128,8192,50,2,80,lattice,online,CR/MR/Pool=0.8/0.2/2_tournament
23,13,50,1600.39,105.773,0,50000000,32,8192,50,2,80,lattice,online,CR/MR/Pool=0.8/0.2/2_tournament
23,12,30,611.925,177.899,0,30000000,512,8192,50,2,80,lattice,online,CR/MR/Pool=0.8/0.2/2_tournament
26,12,50,314.002,148.318,0,50000000,64,8192,50,2,80,lattice,online,CR/MR/Pool=0.8/0.2/2_tournament
26,14,50,330.714,77.3772,0,50000000,256,8192,50,2,80,lattice,online,CR/MR/Pool=0.8/0.2/2_tournament
26,6,50,304.548,297.551,0,50000000,32,8192,50,2,80,lattice,online,CR/MR/Pool=0.8/0.2/2_tournament
23,8,50,1974,212.462,0,50000000,16,8192,50,2,80,lattice,online,CR/MR/Pool=0.8/0.2/2_tournament
26,11,30,233.05,196.125,0,30000000,16,8192,50,2,80,lattice,online,CR/MR/Pool=0.8/0.2/2_tournament
26,3,50,308.609,596.713,0,50000000,16,8192,50,2,80,lattice,online,CR/MR/Pool=0.8/0.2/2_tournament
26,6,50,297.234,125.211,0,50000000,512,8192,50,2,80,lattice,online,CR/MR/Pool=0.8/0.2/2_tournament
26,14,50,302.307,95.1266,0,50000000,128,8192,50,2,80,lattice,online,CR/MR/Pool=0.8/0.2/2_tournament
23,14,50,1887.31,105.827,0,50000000,32,8192,50,2,80,lattice,online,CR/MR/Pool=0.8/0.2/2_tournament
26,15,50,323.467,78.259,0,50000000,256,8192,50,2,80,lattice,online,CR/MR/Pool=0.8/0.2/2_tournament
23,5,50,1756.12,427.239,0,50000000,8,8192,50,2,80,lattice,online,CR/MR/Pool=0.8/0.2/2_tournament
23,13,30,541.974,91.3225,0,30000000,512,8192,50,2,80,lattice,online,CR/MR/Pool=0.8/0.2/2_tournament
26,13,50,324.636,148.328,0,50000000,64,8192,50,2,80,lattice,online,CR/MR/Pool=0.8/0.2/2_tournament
26,7,50,307.578,113.416,0,50000000,512,8192,50,2,80,lattice,online,CR/MR/Pool=0.8/0.2/2_tournament
26,6,30,229.475,393.251,0,30000000,8,8192,50,2,80,lattice,online,CR/MR/Pool=0.8/0.2/2_tournament
23,15,50,1702.71,105.774,0,50000000,32,8192,50,2,80,lattice,online,CR/MR/Pool=0.8/0.2/2_tournament
26,15,50,263.369,94.6731,0,50000000,128,8192,50,2,80,lattice,online,CR/MR/Pool=0.8/0.2/2_tournament
26,12,30,220.198,195.737,0,30000000,16,8192,50,2,80,lattice,online,CR/MR/Pool=0.8/0.2/2_tournament
23,9,50,1459.95,212.453,0,50000000,16,8192,50,2,80,lattice,online,CR/MR/Pool=0.8/0.2/2_tournament
26,14,50,309.245,148.487,0,50000000,64,8192,50,2,80,lattice,online,CR/MR/Pool=0.8/0.2/2_tournament
26,7,50,302.656,297.564,0,50000000,32,8192,50,2,80,lattice,online,CR/MR/Pool=0.8/0.2/2_tournament
23,14,30,868.299,158.526,0,30000000,512,8192,50,2,80,lattice,online,CR/MR/Pool=0.8/0.2/2_tournament
26,8,50,319.696,134.768,0,50000000,512,8192,50,2,80,lattice,online,CR/MR/Pool=0.8/0.2/2_tournament
23,15,30,832.593,36.6952,0,30000000,512,8192,50,2,80,lattice,online,CR/MR/Pool=0.8/0.2/2_tournament
26,13,30,211.226,196.117,0,30000000,16,8192,50,2,80,lattice,online,CR/MR/Pool=0.8/0.2/2_tournament
26,15,50,324.636,148.336,0,50000000,64,8192,50,2,80,lattice,online,CR/MR/Pool=0.8/0.2/2_tournament
23,10,50,1476.2,212.474,0,50000000,16,8192,50,2,80,lattice,online,CR/MR/Pool=0.8/0.2/2_tournament
23,4,50,1674.02,356.655,0,50000000,512,8192,50,2,80,lattice,online,CR/MR/Pool=0.8/0.2/2_tournament
26,2,50,301.545,1195.05,0,50000000,8,8192,50,2,80,lattice,online,CR/MR/Pool=0.8/0.2/2_tournament
23,6,50,1686.16,426.69,0,50000000,8,8192,50,2,80,lattice,online,CR/MR/Pool=0.8/0.2/2_tournament
26,7,30,118.68,391.724,0,30000000,8,8192,50,2,80,lattice,online,CR/MR/Pool=0.8/0.2/2_tournament
26,9,50,269.736,243.162,0,50000000,512,8192,50,2,80,lattice,online,CR/MR/Pool=0.8/0.2/2_tournament
26,8,50,318.729,298.232,0,50000000,32,8192,50,2,80,lattice,online,CR/MR/Pool=0.8/0.2/2_tournament
26,14,30,187.219,195.664,0,30000000,16,8192,50,2,80,lattice,online,CR/MR/Pool=0.8/0.2/2_tournament
26,4,50,327.784,597.724,0,50000000,16,8192,50,2,80,lattice,online,CR/MR/Pool=0.8/0.2/2_tournament
23,11,50,1507.91,213.63,0,50000000,16,8192,50,2,80,lattice,online,CR/MR/Pool=0.8/0.2/2_tournament
26,15,30,232.337,196.106,0,30000000,16,8192,50,2,80,lattice,online,CR/MR/Pool=0.8/0.2/2_tournament
23,5,50,1736.19,348.735,0,50000000,512,8192,50,2,80,lattice,online,CR/MR/Pool=0.8/0.2/2_tournament
23,12,50,1871.46,212.439,0,50000000,16,8192,50,2,80,lattice,online,CR/MR/Pool=0.8/0.2/2_tournament
26,9,50,318.183,297.56,0,50000000,32,8192,50,2,80,lattice,online,CR/MR/Pool=0.8/0.2/2_tournament
26,8,30,226.814,394.041,0,30000000,8,8192,50,2,80,lattice,online,CR/MR/Pool=0.8/0.2/2_tournament
23,7,50,1713.56,431.807,0,50000000,8,8192,50,2,80,lattice,online,CR/MR/Pool=0.8/0.2/2_tournament
26,10,50,322.06,351.708,0,50000000,512,8192,50,2,80,lattice,online,CR/MR/Pool=0.8/0.2/2_tournament
23,13,50,1366.16,212.458,0,50000000,16,8192,50,2,80,lattice,online,CR/MR/Pool=0.8/0.2/2_tournament
26,10,50,321.767,298.235,0,50000000,32,8192,50,2,80,lattice,online,CR/MR/Pool=0.8/0.2/2_tournament
26,5,50,306.212,597.703,0,50000000,16,8192,50,2,80,lattice,online,CR/MR/Pool=0.8/0.2/2_tournament
26,11,50,310.966,227.996,0,50000000,512,8192,50,2,80,lattice,online,CR/MR/Pool=0.8/0.2/2_tournament
26,9,30,199.467,392.446,0,30000000,8,8192,50,2,80,lattice,online,CR/MR/Pool=0.8/0.2/2_tournament
23,14,50,1917,212.452,0,50000000,16,8192,50,2,80,lattice,online,CR/MR/Pool=0.8/0.2/2_tournament
23,6,50,1781.78,390.329,0,50000000,512,8192,50,2,80,lattice,online,CR/MR/Pool=0.8/0.2/2_tournament
26,11,50,329.621,297.561,0,50000000,32,8192,50,2,80,lattice,online,CR/MR/Pool=0.8/0.2/2_tournament
26,12,50,317.584,210.237,0,50000000,512,8192,50,2,80,lattice,online,CR/MR/Pool=0.8/0.2/2_tournament
23,15,50,1763.65,213.645,0,50000000,16,8192,50,2,80,lattice,online,CR/MR/Pool=0.8/0.2/2_tournament
26,3,50,312.855,1191.16,0,50000000,8,8192,50,2,80,lattice,online,CR/MR/Pool=0.8/0.2/2_tournament
26,13,50,298.663,251.652,0,50000000,512,8192,50,2,80,lattice,online,CR/MR/Pool=0.8/0.2/2_tournament
26,14,50,322.06,214.843,0,50000000,512,8192,50,2,80,lattice,online,CR/MR/Pool=0.8/0.2/2_tournament
